category,mean,std
A,9.862278643170363,1.8082420389591682
B,9.361966154177356,1.7545292584890029
C,10.084839945224116,1.8565073663786709
